author,created_utc,edited,id,num_comments,over_18,score,spoiler,stickied,title,url,sentiment_score,sentiment_label,emoji_sentiment
samanthaweaver,2024-04-21 03:29:49,True,SBctozmQ,5,True,24,True,False,Account no heavy mention.,http://www.wolfe.com/,0.1,positive,neutral
theresagonzalez,2024-06-28 07:58:55,True,XUpmErtY,15,True,56,False,True,We scientist try later left would.,http://sandoval.info/,0.0,neutral,neutral
allisonjonathan,2024-02-08 08:41:41,False,sqHjtdIy,22,False,17,False,True,Leave common maybe hair. ‚ùå ‚ùå ‚ö°,http://crawford-murphy.com/,-0.3,negative,negative
katiegonzales,2024-02-12 06:26:20,False,ADFKOEae,50,True,87,False,True,South success Mrs.,http://www.edwards.com/,0.3,positive,neutral
marksloan,2024-06-09 09:34:17,True,RIdBmhEg,13,True,85,True,False,List onto fall why.,https://johnson.biz/,0.0,neutral,neutral
chelsea24,2024-02-26 17:51:52,True,gyHsHFze,46,False,80,False,False,Exist southern structure newspaper smile.,http://www.santiago.com/,0.15,positive,neutral
ojones,2024-02-22 17:37:07,True,nqvuRRgb,44,False,85,True,False,Generation bank high firm test both enter black.,http://house-oconnell.org/,-0.06888889,negative,neutral
scotttimothy,2024-04-14 07:11:12,True,rFnoNBea,10,True,3,True,False,Provide drug money building no natural.,http://zimmerman.com/,-0.05,negative,neutral
qmarquez,2024-04-27 04:47:44,True,UXzoSkVw,50,True,63,False,False,Affect wrong skin radio hospital lead herself. üòÄ üåü,https://www.simon.com/,-0.5,negative,neutral
amyrobinson,2024-01-23 05:29:45,True,bZMiQcLS,38,False,32,True,False,Fly for course service.,http://lewis-williams.net/,0.8,positive,neutral
