id,title,score,num_comments,author,created_utc,url,over_18,edited,spoiler,stickied
zDHXnXfb,Sing thank see game value. üòÇ üåü,13,13,bweaver,2024-05-30 20:23:22,https://patterson-perry.com/,False,True,False,False
kQftWKal,Company require arrive get health friend.,18,42,heather35,2024-08-16 15:52:48,https://www.horton.biz/,True,False,False,False
SnuvOLPv,Lot president movie have interest friend defense play.,64,24,lynncampbell,2024-07-24 15:04:07,http://terry.com/,True,False,True,True
vPJuDrmC,Approach ago area recent.,54,13,levihanna,2024-09-01 00:53:14,http://byrd-sanchez.info/,True,False,True,False
SmFRGldr,Feel six event before yeah.,92,0,anthonythomas,2024-02-01 20:23:37,https://diaz-harrell.net/,True,True,False,False
TbfCcFgB,Very sound protect let.,28,33,uhobbs,2024-06-22 09:13:19,http://www.cunningham-smith.com/,False,True,True,True
PIXtNsPx,Follow expect network kind break myself building.,30,41,stephaniemitchell,2024-07-13 09:28:45,https://morgan.biz/,False,True,True,False
NmLWTzBP,Space dog interview player we human. üöÄ üöÄ,31,11,jacobbarron,2024-01-19 17:06:45,https://green.org/,True,True,True,False
tKBbOqmt,Line health leader rather them.,14,14,westsarah,2024-09-22 16:29:17,https://burnett-davis.com/,False,False,False,True
okIHmPhy,Like leg no poor factor town strong.,70,18,jonesdavid,2024-01-25 23:04:44,http://dominguez.biz/,True,True,False,False
VDGozxnb,Other every city blood card star.,26,43,sarah66,2024-06-02 22:45:49,http://barnett.com/,True,True,False,True
ofjhJtSg,At hair direction learn world.,70,42,paul70,2024-07-05 23:08:37,https://rosales.info/,False,True,False,False
mkxcCgoB,So concern require Democrat arm two evening. üò° ü§¨,74,50,whitehannah,2024-01-18 18:42:01,http://www.brooks.com/,False,True,False,True
iqWXGaYh,Discuss purpose catch as build always fall.,88,26,rodriguezanthony,2024-11-11 14:45:43,http://hobbs.info/,True,True,False,True
JJVZNfMA,Which impact side.,32,8,anthony07,2024-06-11 14:11:39,https://www.white-taylor.com/,True,True,False,True
FVPvfnge,Southern tree child personal from great project.,59,3,juliehooper,2024-01-28 21:42:35,https://www.thompson.biz/,True,False,False,True
woEwuNti,Star can certain professor cut bill.,95,17,nphillips,2024-09-11 10:33:54,http://robinson.com/,True,True,True,True
zYUAouSu,Carry detail sure control no. üíÄ üò≠ üíî,82,42,daniel79,2024-07-07 19:54:01,http://www.smith.info/,True,False,False,True
CiEtyqVs,Beyond great answer general pretty cup single.,90,15,williamsjeremy,2024-05-29 17:25:47,https://www.evans.com/,False,False,True,False
GgzjjdaC,Wish writer fly recently can.,72,39,bgarrett,2024-10-12 07:49:49,http://www.stevens.com/,False,False,True,True
YuUDPmFK,Positive man agency indicate really.,20,16,vaughnshirley,2024-09-15 05:08:39,http://jones.biz/,True,False,True,False
PlJCraQt,Fish evidence into unit.,83,3,usingh,2024-03-29 13:09:51,https://brooks-klein.com/,False,True,True,False
mXBBenPN,Really ground student happen report fight risk.,14,33,greendanielle,2024-11-16 05:52:07,https://www.smith.com/,False,True,False,True
laAqiUiR,Individual child leg region lose hold.,86,22,ghernandez,2024-07-04 11:23:05,http://walker-david.com/,True,False,True,False
NxOyzUvH,Own same answer treatment stand. üò¢ ‚ö°,48,14,randygibbs,2024-08-07 03:41:57,http://wood.com/,True,True,False,False
VJmzLgxx,Rock activity down energy down per guess.,76,32,pmendez,2024-09-27 03:33:14,http://reynolds-smith.org/,True,True,False,False
eyIMkxuq,Scene yet address baby national.,91,27,david10,2024-01-06 12:40:54,http://www.gilbert-turner.com/,False,True,False,True
HDGloqje,Leader discuss near guess maintain none sing.,89,0,derrick26,2024-04-08 21:37:14,http://rivera.com/,False,False,False,False
zbphhwvp,Right table factor involve environmental statement nothing.,57,38,shannonmiller,2024-06-30 20:40:32,https://potts-decker.com/,False,False,False,False
HAZiTYiu,Five former spring color west.,18,39,jeffreywilliams,2024-09-04 08:49:19,https://garcia.com/,False,True,False,False
jYkErsxb,Fact tree already market scene especially.,82,36,nicholasleblanc,2024-08-08 11:08:48,https://www.davis.info/,True,True,True,True
hBLNUMxv,Sometimes fall respond loss film maintain American.,34,25,qturner,2024-01-25 06:54:05,http://khan-shaffer.com/,True,False,False,False
zyOSvJIw,Pressure because cut public protect. üò≠ üëé,16,38,douglas84,2024-10-13 05:39:55,https://allen-oconnor.net/,False,True,True,True
CgtvHEnt,Until support movie thousand.,20,10,johnharmon,2024-09-18 05:04:00,https://mckee.com/,False,True,False,False
lNQQAbDR,Different language impact despite.,80,8,justinnixon,2024-05-26 08:50:36,https://colon.biz/,False,True,True,True
ZvkAJQyS,Determine commercial second information.,41,1,westbrian,2024-10-24 07:32:38,http://www.stein.biz/,False,True,True,False
OQKCtvSO,Address miss hand government.,76,41,villajohn,2024-08-21 17:52:45,http://johnson.org/,False,False,True,False
zFiABvUO,Carry manager avoid design finish pass.,72,42,davisandrew,2024-07-16 14:04:24,http://baker-kennedy.biz/,False,False,False,True
uvgpJtOh,Bar machine decide travel American involve.,55,12,mary46,2024-07-05 14:11:59,http://www.terry-smith.com/,True,True,False,True
cWBcyyZP,None morning final do necessary management image but. üí° üåü üìö,18,39,brooke96,2024-09-10 18:49:28,https://drake.com/,False,True,True,True
avTnzvUj,List debate can attorney nature.,49,18,johnstonkayla,2024-08-18 20:49:28,http://www.ramirez-thomas.com/,True,True,False,True
OpkPYQWJ,Not both expect improve themselves.,22,7,fweaver,2024-10-29 11:01:27,https://elliott.biz/,True,True,True,False
KfGklGkh,Chair quickly medical notice official allow.,32,26,mathewjackson,2024-03-18 08:26:18,http://www.ward.com/,True,True,True,False
WNwEyctm,Compare fine up four call bit.,75,23,mary91,2024-06-06 05:46:23,http://www.sanders.com/,False,False,False,True
YvxhinfC,Cold particular can next oil physical. üéØ üòÇ üòÄ,6,33,paige77,2024-05-11 17:24:57,https://ford.com/,False,True,True,True
hxIRWJPt,Walk hand card style.,46,33,jessicajones,2024-02-10 07:13:59,https://jacobs-ortiz.com/,False,True,True,True
yHDRtNJy,Hard medical these community baby discover society early.,66,13,carmenmack,2024-05-29 15:56:08,https://www.oliver-oneill.info/,True,False,False,True
tZVFUpFD,Say pay interview reduce foot.,4,18,djuarez,2024-09-04 16:40:12,https://sloan.com/,False,True,True,False
QAZGjQbB,Shoulder hit everybody offer evidence right alone.,77,15,mleon,2024-05-03 08:21:31,http://clay-church.net/,False,True,False,False
uSiqcwbG,These ball however ever these suggest. ü§¨ üëé,91,40,smithjohn,2024-08-28 03:19:43,https://saunders-williams.net/,True,True,True,False
vbepHWib,Forward star material hour quickly television find story.,49,5,awilson,2024-07-15 12:18:36,http://www.hoffman-stanton.com/,False,True,False,False
debODynq,See majority fund course dream itself case. üéâ,21,30,victoria18,2024-08-20 08:47:37,http://www.jones.com/,True,False,False,True
tMrbMODF,Travel talk effect exist.,48,4,hoffmantravis,2024-08-07 01:45:38,http://larson-gonzales.com/,True,True,False,True
MACylbgJ,Thought training yes glass imagine base trade.,56,29,jfoster,2024-03-14 19:53:00,http://www.buchanan.info/,True,True,False,False
uxaTyzNB,Grow education information clear amount others. ‚ö° üò≠ üö®,82,30,jesus93,2024-04-23 02:08:04,http://www.stewart.org/,False,False,True,False
EEHnsVUB,For product might. üíî,64,21,medinasteven,2024-04-11 22:18:55,http://bailey-lowery.com/,True,False,True,True
nCjINXdM,Traditional reveal they dream occur.,82,43,megan91,2024-04-25 01:54:30,https://norris.net/,False,True,True,True
LaJgZhUi,Worry evening since line.,33,29,lindsay91,2024-06-26 19:04:07,https://manning.com/,True,False,True,True
JhRrFOOn,Moment visit bar of. üî• üåü üî•,22,32,qreid,2024-10-26 04:08:59,http://howard.com/,True,True,False,False
jWtvUabc,Full town somebody college.,56,1,aprilwalton,2024-10-31 07:37:22,https://www.savage.org/,False,True,True,True
SBctozmQ,Account no heavy mention.,24,5,samanthaweaver,2024-04-21 03:29:49,http://www.wolfe.com/,True,True,True,False
XUpmErtY,We scientist try later left would.,56,15,theresagonzalez,2024-06-28 07:58:55,http://sandoval.info/,True,True,False,True
sqHjtdIy,Leave common maybe hair. ‚ùå ‚ùå ‚ö°,17,22,allisonjonathan,2024-02-08 08:41:41,http://crawford-murphy.com/,False,False,False,True
ADFKOEae,South success Mrs.,87,50,katiegonzales,2024-02-12 06:26:20,http://www.edwards.com/,True,False,False,True
RIdBmhEg,List onto fall why.,85,13,marksloan,2024-06-09 09:34:17,https://johnson.biz/,True,True,True,False
gyHsHFze,Exist southern structure newspaper smile.,80,46,chelsea24,2024-02-26 17:51:52,http://www.santiago.com/,False,True,False,False
nqvuRRgb,Generation bank high firm test both enter black.,85,44,ojones,2024-02-22 17:37:07,http://house-oconnell.org/,False,True,True,False
rFnoNBea,Provide drug money building no natural.,3,10,scotttimothy,2024-04-14 07:11:12,http://zimmerman.com/,True,True,True,False
UXzoSkVw,Affect wrong skin radio hospital lead herself. üòÄ üåü,63,50,qmarquez,2024-04-27 04:47:44,https://www.simon.com/,True,True,False,False
bZMiQcLS,Fly for course service.,32,38,amyrobinson,2024-01-23 05:29:45,http://lewis-williams.net/,False,True,True,False
IqRfFqux,Heart coach anyone approach behavior.,82,22,herrerarobert,2024-05-06 21:08:52,https://www.burgess.com/,False,True,False,True
oHRgqMKM,Discuss probably power compare decision throughout far practice.,20,1,arodriguez,2024-01-16 19:00:46,https://www.jones-smith.com/,False,True,False,False
lGMBVlhP,Our deal work run.,54,30,vmartin,2024-10-24 22:48:22,http://cuevas.info/,True,False,False,False
yKWxbfde,Rich within region standard.,86,12,alicia19,2024-09-11 10:07:21,https://burton.com/,True,True,True,True
CfvhCkEc,People modern democratic before race take mean.,63,50,hdonaldson,2024-08-19 04:33:40,https://www.weaver.com/,False,True,True,True
aDglPOOZ,Player bed part put management herself capital.,80,44,mileskimberly,2024-10-22 22:16:17,http://www.anderson-johnson.net/,True,False,True,False
DbXLIuPR,Improve appear commercial per however have.,49,21,melinda41,2024-07-01 04:32:33,https://www.day.com/,True,False,False,False
bTlRGfgb,Describe live case space break view very evening. üî• üåü üöÄ,87,47,howellbrandon,2024-07-22 23:18:11,http://vasquez.biz/,True,False,False,True
UZqtgJod,Whether next write turn bad both medical.,12,28,lisa26,2024-02-02 09:59:57,https://peters-reynolds.com/,False,True,True,False
pczvMwlL,Trade true our sport thousand heart someone.,82,50,sullivankelly,2024-08-18 07:56:24,https://sanchez.com/,False,False,True,True
vlTOwLia,Effect fill eat run statement growth nearly. üòÄ üåü üéØ,84,37,lyonsjaime,2024-04-09 00:15:06,https://www.jackson.org/,True,True,True,True
LAYUpibM,Answer list notice same style positive. üòÇ üöÄ üéØ,59,16,troyjones,2024-04-26 07:58:15,https://thompson.com/,True,True,False,True
xheGRlzd,Life day focus commercial.,64,23,austin09,2024-04-17 05:15:35,http://smith.com/,True,False,False,True
dhGebreI,View thing run yourself.,49,5,carrie58,2024-01-23 20:48:09,http://spencer.org/,True,False,True,True
