author,created_utc,edited,id,num_comments,over_18,score,spoiler,stickied,title,url,sentiment_score,sentiment_label
linda10,2024-02-10 02:34:53,True,WBQcrXea,32,False,46,False,False,Deal east watch.,https://www.coffey.net/,0.0,neutral
vrichard,2024-02-26 19:40:57,False,CVJqUVfZ,38,False,31,False,False,Born would sound maintain throughout edge.,http://www.cruz.com/,0.4,positive
amandajohnson,2024-07-17 10:38:58,True,ALxywNBy,37,False,74,False,True,Machine sit ago possible political close who.,https://fitzgerald-davis.info/,0.0,neutral
melissahunter,2024-03-20 06:33:22,False,bUmaUBky,7,True,30,False,True,Town between just part computer grow social interest.,https://dawson-rodriguez.com/,0.033333335,positive
jacksontyler,2024-02-04 18:29:39,True,zlJfeUWx,21,False,16,True,True,Which audience quite movie simple PM become ground.,http://stephenson-peterson.com/,0.0,neutral
garydavis,2024-05-25 04:38:45,True,TojTSuSf,50,False,13,False,False,Region would position history strong.,https://www.parks.com/,0.43333334,positive
charles11,2024-06-16 18:47:00,True,ZNIsJhjs,22,True,93,False,False,Collection civil determine situation policy Republican population culture.,http://hampton.com/,0.0,neutral
rstewart,2024-05-10 00:42:03,True,eocsoNHE,30,True,38,False,True,Reality quality himself difference coach owner medical.,https://www.ray.com/,0.0,neutral
oliviawagner,2024-03-04 09:47:40,True,ZHAGdNjj,20,True,3,True,True,Late pay cost.,https://www.noble.org/,-0.3,negative
walkersharon,2024-08-16 00:04:06,True,EhMYAjyX,20,False,16,True,True,Small significant safe put.,https://madden.biz/,0.20833333,positive
